{
  "time": {
    "TL-BR": [0.003782, 0.024878, 0.003033, 0.001087],
    "BR-TL": [0.003878, 0.022608, 0.002897, 0.000918],
    "TR-BL": [0.003959, 0.056797, 0.002928, 0.002487],
    "BL-TR": [0.002800, 0.028717, 0.003030, 0.001044],
    "LL-RR": [0.003538, 0.032073, 0.002222, 0.001261]
  },
  "memory": {
    "TL-BR": [18.880, 14.104, 31.800, 10.384],
    "BR-TL": [19.240, 14.032, 31.704, 24.696],
    "TR-BL": [28.736, 15.328, 31.704, 24.696],
    "BL-TR": [19.240, 14.536, 31.704, 10.320],
    "LL-RR": [19.240, 13.672, 31.736, 18.848]
  },
  "expaneded_nodes": {
    "TL-BR": [201, 3685, 204, 53],
    "BR-TL": [188, 2668, 194, 84],
    "TR-BL": [197, 7615, 201, 156],
    "BL-TR": [203, 3628, 205, 62],
    "LL-RR": [176, 4015, 186, 73]
  }
}